Indicateur,Sexe,Classe d'âge ,Nouvelles régions,PCS ,Diplôme,Situation financière perçue ,Estimation,IC 95%,Effectif Brut,Différence avec les autres régions,Année,ic_inf,ic_sup,Chapitre
A souffert physiquement d'un évènement climatique extrême,Tous,50-59 ans,Tous,Tous,Tous,Tous,41.9,"[ 40,2 - 43,5 ]",5190.0,,2024,40.2,43.5,Changement climatique
A souffert physiquement d'un évènement climatique extrême,Tous,70-79 ans,Tous,Tous,Tous,Tous,37.9,"[ 35,8 - 40,0 ]",3147.0,,2024,35.8,40.0,Changement climatique
A souffert physiquement d'un évènement climatique extrême,Hommes,Tous,Tous,Tous,Tous,Tous,31.8,"[ 30,8 - 32,9 ]",12612.0,,2024,30.8,32.9,Changement climatique
A souffert physiquement d'un évènement climatique extrême,Hommes,18-29 ans,Tous,Tous,Tous,Tous,26.3,"[ 24,1 - 28,6 ]",2270.0,,2024,24.1,28.6,Changement climatique
A souffert physiquement d'un évènement climatique extrême,Hommes,50-59 ans,Tous,Tous,Tous,Tous,35.9,"[ 33,5 - 38,3 ]",2376.0,,2024,33.5,38.3,Changement climatique
A souffert physiquement d'un évènement climatique extrême,Femmes,Tous,Tous,Tous,Tous,Tous,42.0,"[ 41,0 - 43,0 ]",15186.0,,2024,41.0,43.0,Changement climatique
A souffert physiquement d'un évènement climatique extrême,Femmes,40-49 ans,Tous,Tous,Tous,Tous,42.4,"[ 40,1 - 44,7 ]",2727.0,,2024,40.1,44.7,Changement climatique
A souffert physiquement d'un évènement climatique extrême,Femmes,50-59 ans,Tous,Tous,Tous,Tous,47.4,"[ 45,1 - 49,7 ]",2814.0,,2024,45.1,49.7,Changement climatique
A souffert physiquement d'un évènement climatique extrême,Femmes,70-79 ans,Tous,Tous,Tous,Tous,43.4,"[ 40,5 - 46,2 ]",1688.0,,2024,40.5,46.2,Changement climatique
A souffert physiquement d'un évènement climatique extrême,Tous,Tous,Tous,Tous,Bac,Tous,34.2,"[ 32,9 - 35,6 ]",6644.0,,2024,32.9,35.6,Changement climatique
A souffert physiquement d'un évènement climatique extrême,Hommes,Tous,Tous,Tous,Bac,Tous,29.7,"[ 27,8 - 31,7 ]",3034.0,,2024,27.8,31.7,Changement climatique
A souffert physiquement d'un évènement climatique extrême,Hommes,Tous,Tous,Tous,Supérieur au Bac,Tous,29.3,"[ 27,8 - 30,8 ]",5270.0,,2024,27.8,30.8,Changement climatique
A souffert physiquement d'un évènement climatique extrême,Femmes,Tous,Tous,Tous,Aucun diplôme ou inférieur au Bac,Tous,44.8,"[ 43,0 - 46,6 ]",4475.0,,2024,43.0,46.6,Changement climatique
A souffert physiquement d'un évènement climatique extrême,Femmes,Tous,Tous,Tous,Bac,Tous,38.3,"[ 36,4 - 40,3 ]",3610.0,,2024,36.4,40.3,Changement climatique
A souffert physiquement d'un évènement climatique extrême,Tous,Tous,Tous,"Agriculteurs, artisans, commerçants, chefs d’entreprise",Tous,Tous,33.4,"[ 30,8 - 36,0 ]",1994.0,,2024,30.8,36.0,Changement climatique
A souffert physiquement d'un évènement climatique extrême,Tous,Tous,Tous,Cadres et professions intellectuelles supérieures,Tous,Tous,35.8,"[ 34,4 - 37,3 ]",5728.0,,2024,34.4,37.3,Changement climatique
A souffert physiquement d'un évènement climatique extrême,Tous,Tous,Tous,Employés,Tous,Tous,41.7,"[ 40,3 - 43,2 ]",6838.0,,2024,40.3,43.2,Changement climatique
A souffert physiquement d'un évènement climatique extrême,Tous,Tous,Tous,Professions intermédiaires,Tous,Tous,36.4,"[ 35,1 - 37,7 ]",7434.0,,2024,35.1,37.7,Changement climatique
A souffert physiquement d'un évènement climatique extrême,Hommes,Tous,Tous,"Agriculteurs, artisans, commerçants, chefs d’entreprise",Tous,Tous,30.6,"[ 27,4 - 33,9 ]",1255.0,,2024,27.4,33.9,Changement climatique
A souffert physiquement d'un évènement climatique extrême,Femmes,Tous,Tous,"Agriculteurs, artisans, commerçants, chefs d’entreprise",Tous,Tous,38.4,"[ 34,1 - 42,9 ]",739.0,,2024,34.1,42.9,Changement climatique
A souffert physiquement d'un évènement climatique extrême,Femmes,Tous,Tous,Employés,Tous,Tous,43.4,"[ 41,7 - 45,0 ]",5458.0,,2024,41.7,45.0,Changement climatique
A souffert physiquement d'un évènement climatique extrême,Femmes,Tous,Tous,Professions intermédiaires,Tous,Tous,41.5,"[ 39,7 - 43,2 ]",4390.0,,2024,39.7,43.2,Changement climatique
A souffert physiquement d'un évènement climatique extrême,Tous,Tous,Tous,Tous,Tous,Vous êtes à l’aise,29.7,"[ 28,0 - 31,4 ]",3992.0,,2024,28.0,31.4,Changement climatique
A souffert physiquement d'un évènement climatique extrême,Hommes,30-39 ans,Tous,Tous,Tous,Tous,32.7,"[ 30,2 - 35,2 ]",2055.0,,2024,30.2,35.2,Changement climatique
A souffert physiquement d'un évènement climatique extrême,Hommes,60-69 ans,Tous,Tous,Tous,Tous,33.7,"[ 31,2 - 36,3 ]",2127.0,,2024,31.2,36.3,Changement climatique
A souffert physiquement d'un évènement climatique extrême,Femmes,30-39 ans,Tous,Tous,Tous,Tous,40.9,"[ 38,6 - 43,2 ]",2702.0,,2024,38.6,43.2,Changement climatique
A souffert physiquement d'un évènement climatique extrême,Femmes,60-69 ans,Tous,Tous,Tous,Tous,45.2,"[ 42,8 - 47,7 ]",2582.0,,2024,42.8,47.7,Changement climatique
A souffert physiquement d'un évènement climatique extrême,Femmes,Tous,Tous,Tous,Supérieur au Bac,Tous,41.4,"[ 40,0 - 42,8 ]",7101.0,,2024,40.0,42.8,Changement climatique
A souffert physiquement d'un évènement climatique extrême,Hommes,Tous,Tous,Employés,Tous,Tous,35.5,"[ 32,4 - 38,7 ]",1380.0,,2024,32.4,38.7,Changement climatique
A souffert physiquement d'un évènement climatique extrême,Hommes,Tous,Tous,Ouvriers,Tous,Tous,34.3,"[ 32,3 - 36,4 ]",3100.0,,2024,32.3,36.4,Changement climatique
A souffert physiquement d'un évènement climatique extrême,Femmes,Tous,Tous,Ouvriers,Tous,Tous,45.6,"[ 41,7 - 49,6 ]",942.0,,2024,41.7,49.6,Changement climatique
A souffert physiquement d'un évènement climatique extrême,Tous,Tous,Tous,Tous,Tous,"C’est juste, il faut faire attention",38.7,"[ 37,5 - 39,9 ]",9564.0,,2024,37.5,39.9,Changement climatique
A souffert physiquement d'un évènement climatique extrême,Tous,Tous,Tous,Tous,Tous,Ça va,34.8,"[ 33,7 - 35,9 ]",9973.0,,2024,33.7,35.9,Changement climatique
A souffert physiquement d'un évènement climatique extrême,Hommes,Tous,Tous,Tous,Tous,"C’est juste, il faut faire attention",32.5,"[ 30,8 - 34,3 ]",4315.0,,2024,30.8,34.3,Changement climatique
A souffert physiquement d'un évènement climatique extrême,Hommes,Tous,Tous,Tous,Tous,Vous y arrivez difficilement ou vous ne pouvez pas y arriver sans faire de dette,41.9,"[ 38,9 - 45,0 ]",1798.0,,2024,38.9,45.0,Changement climatique
A souffert physiquement d'un évènement climatique extrême,Hommes,Tous,Tous,Tous,Tous,Vous êtes à l’aise,24.7,"[ 22,4 - 27,1 ]",1937.0,,2024,22.4,27.1,Changement climatique
A souffert physiquement d'un évènement climatique extrême,Femmes,Tous,Tous,Tous,Tous,"C’est juste, il faut faire attention",44.3,"[ 42,6 - 45,9 ]",5249.0,,2024,42.6,45.9,Changement climatique
A souffert physiquement d'un évènement climatique extrême,Femmes,Tous,Tous,Tous,Tous,Ça va,39.4,"[ 37,8 - 41,0 ]",5411.0,,2024,37.8,41.0,Changement climatique
A souffert physiquement d'un évènement climatique extrême,Tous,Tous,Tous,Tous,Tous,Tous,37.2,"[ 36,5 - 37,9 ]",27798.0,,2024,36.5,37.9,Changement climatique
A souffert physiquement d'un évènement climatique extrême,Tous,18-29 ans,Tous,Tous,Tous,Tous,29.9,"[ 28,4 - 31,5 ]",4943.0,,2024,28.4,31.5,Changement climatique
A souffert physiquement d'un évènement climatique extrême,Tous,30-39 ans,Tous,Tous,Tous,Tous,36.9,"[ 35,3 - 38,7 ]",4757.0,,2024,35.3,38.7,Changement climatique
A souffert physiquement d'un évènement climatique extrême,Tous,40-49 ans,Tous,Tous,Tous,Tous,37.3,"[ 35,7 - 39,0 ]",5052.0,,2024,35.7,39.0,Changement climatique
A souffert physiquement d'un évènement climatique extrême,Tous,60-69 ans,Tous,Tous,Tous,Tous,39.9,"[ 38,1 - 41,7 ]",4709.0,,2024,38.1,41.7,Changement climatique
A souffert physiquement d'un évènement climatique extrême,Hommes,40-49 ans,Tous,Tous,Tous,Tous,32.0,"[ 29,7 - 34,4 ]",2325.0,,2024,29.7,34.4,Changement climatique
A souffert physiquement d'un évènement climatique extrême,Hommes,70-79 ans,Tous,Tous,Tous,Tous,30.8,"[ 27,9 - 33,9 ]",1459.0,,2024,27.9,33.9,Changement climatique
A souffert physiquement d'un évènement climatique extrême,Femmes,18-29 ans,Tous,Tous,Tous,Tous,33.5,"[ 31,3 - 35,7 ]",2673.0,,2024,31.3,35.7,Changement climatique
A souffert physiquement d'un évènement climatique extrême,Tous,Tous,Tous,Tous,Aucun diplôme ou inférieur au Bac,Tous,40.0,"[ 38,7 - 41,2 ]",8783.0,,2024,38.7,41.2,Changement climatique
A souffert physiquement d'un évènement climatique extrême,Tous,Tous,Tous,Tous,Supérieur au Bac,Tous,36.0,"[ 35,0 - 37,0 ]",12371.0,,2024,35.0,37.0,Changement climatique
A souffert physiquement d'un évènement climatique extrême,Hommes,Tous,Tous,Tous,Aucun diplôme ou inférieur au Bac,Tous,35.2,"[ 33,4 - 36,9 ]",4308.0,,2024,33.4,36.9,Changement climatique
A souffert physiquement d'un évènement climatique extrême,Tous,Tous,Tous,Ouvriers,Tous,Tous,37.0,"[ 35,2 - 38,8 ]",4042.0,,2024,35.2,38.8,Changement climatique
A souffert physiquement d'un évènement climatique extrême,Hommes,Tous,Tous,Cadres et professions intellectuelles supérieures,Tous,Tous,30.5,"[ 28,6 - 32,4 ]",3159.0,,2024,28.6,32.4,Changement climatique
A souffert physiquement d'un évènement climatique extrême,Hommes,Tous,Tous,Professions intermédiaires,Tous,Tous,30.0,"[ 28,0 - 32,0 ]",3044.0,,2024,28.0,32.0,Changement climatique
A souffert physiquement d'un évènement climatique extrême,Femmes,Tous,Tous,Cadres et professions intellectuelles supérieures,Tous,Tous,42.9,"[ 40,7 - 45,2 ]",2569.0,,2024,40.7,45.2,Changement climatique
A souffert physiquement d'un évènement climatique extrême,Tous,Tous,Tous,Tous,Tous,Vous y arrivez difficilement ou vous ne pouvez pas y arriver sans faire de dette,45.6,"[ 43,6 - 47,6 ]",4269.0,,2024,43.6,47.6,Changement climatique
A souffert physiquement d'un évènement climatique extrême,Hommes,Tous,Tous,Tous,Tous,Ça va,29.6,"[ 28,0 - 31,2 ]",4562.0,,2024,28.0,31.2,Changement climatique
A souffert physiquement d'un évènement climatique extrême,Femmes,Tous,Tous,Tous,Tous,Vous y arrivez difficilement ou vous ne pouvez pas y arriver sans faire de dette,48.9,"[ 46,2 - 51,6 ]",2471.0,,2024,46.2,51.6,Changement climatique
A souffert physiquement d'un évènement climatique extrême,Femmes,Tous,Tous,Tous,Tous,Vous êtes à l’aise,34.6,"[ 32,2 - 37,1 ]",2055.0,,2024,32.2,37.1,Changement climatique
A souffert physiquement ou psychologiquement d'un évènement climatique extrême,Tous,Tous,Auvergne-Rhône-Alpes,Tous,Tous,Tous,51.3,"[ 49,1 - 53,5 ]",2561.0,Supérieure,2024,49.1,53.5,Changement climatique
A souffert physiquement ou psychologiquement d'un évènement climatique extrême,Tous,Tous,Corse,Tous,Tous,Tous,41.7,"[ 38,6 - 44,9 ]",1253.0,Pas de différence significative,2024,38.6,44.9,Changement climatique
A souffert physiquement ou psychologiquement d'un évènement climatique extrême,Tous,Tous,Guyane,Tous,Tous,Tous,45.4,"[ 39,1 - 51,8 ]",697.0,Pas de différence significative,2024,39.1,51.8,Changement climatique
A souffert physiquement ou psychologiquement d'un évènement climatique extrême,Tous,Tous,Martinique,Tous,Tous,Tous,27.5,"[ 23,7 - 31,5 ]",965.0,Inférieure,2024,23.7,31.5,Changement climatique
A souffert physiquement ou psychologiquement d'un évènement climatique extrême,Tous,Tous,Nouvelle-Aquitaine,Tous,Tous,Tous,43.7,"[ 41,4 - 46,0 ]",2211.0,Pas de différence significative,2024,41.4,46.0,Changement climatique
A souffert physiquement ou psychologiquement d'un évènement climatique extrême,Tous,Tous,Réunion,Tous,Tous,Tous,25.4,"[ 22,2 - 28,8 ]",1277.0,Inférieure,2024,22.2,28.8,Changement climatique
A souffert physiquement ou psychologiquement d'un évènement climatique extrême,Tous,Tous,Centre-Val de Loire,Tous,Tous,Tous,44.6,"[ 41,4 - 47,8 ]",1190.0,Pas de différence significative,2024,41.4,47.8,Changement climatique
A souffert physiquement ou psychologiquement d'un évènement climatique extrême,Tous,Tous,Grand Est,Tous,Tous,Tous,43.4,"[ 40,9 - 45,9 ]",1876.0,Pas de différence significative,2024,40.9,45.9,Changement climatique
A souffert physiquement ou psychologiquement d'un évènement climatique extrême,Tous,Tous,Guadeloupe,Tous,Tous,Tous,27.5,"[ 24,1 - 31,0 ]",1175.0,Inférieure,2024,24.1,31.0,Changement climatique
A souffert physiquement ou psychologiquement d'un évènement climatique extrême,Tous,Tous,Ile-de-France,Tous,Tous,Tous,45.2,"[ 43,2 - 47,3 ]",2861.0,Supérieure,2024,43.2,47.3,Changement climatique
A souffert physiquement ou psychologiquement d'un évènement climatique extrême,Tous,Tous,Occitanie,Tous,Tous,Tous,49.4,"[ 47,1 - 51,7 ]",2219.0,Supérieure,2024,47.1,51.7,Changement climatique
A souffert physiquement ou psychologiquement d'un évènement climatique extrême,Tous,Tous,Provence-Alpes-Côte d'Azur,Tous,Tous,Tous,48.4,"[ 45,8 - 51,0 ]",1792.0,Supérieure,2024,45.8,51.0,Changement climatique
A souffert physiquement ou psychologiquement d'un évènement climatique extrême,Tous,Tous,Bourgogne-Franche-Comté,Tous,Tous,Tous,46.9,"[ 43,8 - 49,9 ]",1310.0,Supérieure,2024,43.8,49.9,Changement climatique
A souffert physiquement ou psychologiquement d'un évènement climatique extrême,Tous,Tous,Bretagne,Tous,Tous,Tous,27.4,"[ 25,2 - 29,8 ]",1599.0,Inférieure,2024,25.2,29.8,Changement climatique
A souffert physiquement ou psychologiquement d'un évènement climatique extrême,Tous,Tous,Hauts-de-France,Tous,Tous,Tous,37.6,"[ 35,1 - 40,0 ]",1885.0,Inférieure,2024,35.1,40.0,Changement climatique
A souffert physiquement ou psychologiquement d'un évènement climatique extrême,Tous,Tous,Normandie,Tous,Tous,Tous,29.6,"[ 26,9 - 32,5 ]",1288.0,Inférieure,2024,26.9,32.5,Changement climatique
A souffert physiquement ou psychologiquement d'un évènement climatique extrême,Tous,Tous,Pays de la Loire,Tous,Tous,Tous,34.9,"[ 32,4 - 37,5 ]",1638.0,Inférieure,2024,32.4,37.5,Changement climatique
A souffert psychologiquement d'un évènement climatique extrême,Tous,Tous,Tous,Tous,Tous,Tous,22.5,"[ 21,9 - 23,1 ]",27797.0,,2024,21.9,23.1,Changement climatique
A souffert psychologiquement d'un évènement climatique extrême,Tous,40-49 ans,Tous,Tous,Tous,Tous,22.1,"[ 20,7 - 23,5 ]",5052.0,,2024,20.7,23.5,Changement climatique
A souffert psychologiquement d'un évènement climatique extrême,Hommes,30-39 ans,Tous,Tous,Tous,Tous,20.9,"[ 18,8 - 23,1 ]",2055.0,,2024,18.8,23.1,Changement climatique
A souffert psychologiquement d'un évènement climatique extrême,Tous,Tous,Tous,Tous,Aucun diplôme ou inférieur au Bac,Tous,22.7,"[ 21,6 - 23,8 ]",8782.0,,2024,21.6,23.8,Changement climatique
A souffert psychologiquement d'un évènement climatique extrême,Tous,Tous,Tous,Tous,Supérieur au Bac,Tous,23.5,"[ 22,7 - 24,4 ]",12371.0,,2024,22.7,24.4,Changement climatique
A souffert psychologiquement d'un évènement climatique extrême,Femmes,Tous,Tous,Tous,Supérieur au Bac,Tous,26.7,"[ 25,5 - 28,0 ]",7101.0,,2024,25.5,28.0,Changement climatique
A souffert psychologiquement d'un évènement climatique extrême,Tous,Tous,Tous,"Agriculteurs, artisans, commerçants, chefs d’entreprise",Tous,Tous,22.0,"[ 19,8 - 24,3 ]",1994.0,,2024,19.8,24.3,Changement climatique
A souffert psychologiquement d'un évènement climatique extrême,Tous,Tous,Tous,Professions intermédiaires,Tous,Tous,22.2,"[ 21,0 - 23,3 ]",7434.0,,2024,21.0,23.3,Changement climatique
A souffert psychologiquement d'un évènement climatique extrême,Hommes,Tous,Tous,Cadres et professions intellectuelles supérieures,Tous,Tous,19.3,"[ 17,6 - 21,0 ]",3159.0,,2024,17.6,21.0,Changement climatique
A souffert psychologiquement d'un évènement climatique extrême,Hommes,Tous,Tous,Ouvriers,Tous,Tous,19.3,"[ 17,6 - 21,1 ]",3099.0,,2024,17.6,21.1,Changement climatique
A souffert psychologiquement d'un évènement climatique extrême,Femmes,Tous,Tous,Cadres et professions intellectuelles supérieures,Tous,Tous,29.2,"[ 27,1 - 31,3 ]",2569.0,,2024,27.1,31.3,Changement climatique
A souffert psychologiquement d'un évènement climatique extrême,Femmes,Tous,Tous,Employés,Tous,Tous,24.4,"[ 23,0 - 25,8 ]",5458.0,,2024,23.0,25.8,Changement climatique
A souffert psychologiquement d'un évènement climatique extrême,Femmes,Tous,Tous,Ouvriers,Tous,Tous,24.9,"[ 21,6 - 28,4 ]",942.0,,2024,21.6,28.4,Changement climatique
A souffert psychologiquement d'un évènement climatique extrême,Tous,Tous,Tous,Tous,Tous,"C’est juste, il faut faire attention",22.8,"[ 21,7 - 23,8 ]",9563.0,,2024,21.7,23.8,Changement climatique
A souffert psychologiquement d'un évènement climatique extrême,Hommes,Tous,Tous,Tous,Tous,Ça va,16.8,"[ 15,6 - 18,1 ]",4562.0,,2024,15.6,18.1,Changement climatique
A souffert psychologiquement d'un évènement climatique extrême,Femmes,Tous,Tous,Tous,Tous,"C’est juste, il faut faire attention",26.5,"[ 25,0 - 28,0 ]",5249.0,,2024,25.0,28.0,Changement climatique
A souffert psychologiquement d'un évènement climatique extrême,Femmes,Tous,Tous,Tous,Tous,Ça va,22.9,"[ 21,6 - 24,2 ]",5411.0,,2024,21.6,24.2,Changement climatique
A souffert psychologiquement d'un évènement climatique extrême,Tous,30-39 ans,Tous,Tous,Tous,Tous,22.9,"[ 21,5 - 24,4 ]",4757.0,,2024,21.5,24.4,Changement climatique
A souffert psychologiquement d'un évènement climatique extrême,Tous,60-69 ans,Tous,Tous,Tous,Tous,23.9,"[ 22,3 - 25,4 ]",4709.0,,2024,22.3,25.4,Changement climatique
A souffert psychologiquement d'un évènement climatique extrême,Hommes,Tous,Tous,Tous,Tous,Tous,19.1,"[ 18,2 - 19,9 ]",12611.0,,2024,18.2,19.9,Changement climatique
A souffert psychologiquement d'un évènement climatique extrême,Hommes,50-59 ans,Tous,Tous,Tous,Tous,20.0,"[ 18,1 - 22,1 ]",2376.0,,2024,18.1,22.1,Changement climatique
A souffert psychologiquement d'un évènement climatique extrême,Hommes,70-79 ans,Tous,Tous,Tous,Tous,19.9,"[ 17,4 - 22,5 ]",1458.0,,2024,17.4,22.5,Changement climatique
A souffert psychologiquement d'un évènement climatique extrême,Femmes,18-29 ans,Tous,Tous,Tous,Tous,22.4,"[ 20,5 - 24,4 ]",2673.0,,2024,20.5,24.4,Changement climatique
A souffert psychologiquement d'un évènement climatique extrême,Femmes,30-39 ans,Tous,Tous,Tous,Tous,24.8,"[ 22,8 - 26,8 ]",2702.0,,2024,22.8,26.8,Changement climatique
A souffert psychologiquement d'un évènement climatique extrême,Femmes,50-59 ans,Tous,Tous,Tous,Tous,27.8,"[ 25,8 - 29,9 ]",2814.0,,2024,25.8,29.9,Changement climatique
A souffert psychologiquement d'un évènement climatique extrême,Femmes,60-69 ans,Tous,Tous,Tous,Tous,27.3,"[ 25,1 - 29,5 ]",2582.0,,2024,25.1,29.5,Changement climatique
A souffert psychologiquement d'un évènement climatique extrême,Tous,Tous,Tous,Tous,Bac,Tous,20.1,"[ 18,9 - 21,2 ]",6644.0,,2024,18.9,21.2,Changement climatique
A souffert psychologiquement d'un évènement climatique extrême,Hommes,Tous,Tous,Tous,Bac,Tous,16.8,"[ 15,3 - 18,5 ]",3034.0,,2024,15.3,18.5,Changement climatique
A souffert psychologiquement d'un évènement climatique extrême,Femmes,Tous,Tous,Tous,Aucun diplôme ou inférieur au Bac,Tous,25.6,"[ 24,0 - 27,2 ]",4475.0,,2024,24.0,27.2,Changement climatique
A souffert psychologiquement d'un évènement climatique extrême,Tous,Tous,Tous,Cadres et professions intellectuelles supérieures,Tous,Tous,23.5,"[ 22,2 - 24,9 ]",5728.0,,2024,22.2,24.9,Changement climatique
A souffert psychologiquement d'un évènement climatique extrême,Tous,Tous,Tous,Employés,Tous,Tous,24.0,"[ 22,8 - 25,3 ]",6838.0,,2024,22.8,25.3,Changement climatique
A souffert psychologiquement d'un évènement climatique extrême,Tous,Tous,Tous,Ouvriers,Tous,Tous,20.6,"[ 19,1 - 22,2 ]",4041.0,,2024,19.1,22.2,Changement climatique
A souffert psychologiquement d'un évènement climatique extrême,Hommes,Tous,Tous,Professions intermédiaires,Tous,Tous,17.5,"[ 16,0 - 19,2 ]",3044.0,,2024,16.0,19.2,Changement climatique
A souffert psychologiquement d'un évènement climatique extrême,Femmes,Tous,Tous,Professions intermédiaires,Tous,Tous,25.8,"[ 24,3 - 27,4 ]",4390.0,,2024,24.3,27.4,Changement climatique
A souffert psychologiquement d'un évènement climatique extrême,Tous,Tous,Tous,Tous,Tous,Vous y arrivez difficilement ou vous ne pouvez pas y arriver sans faire de dette,30.0,"[ 28,2 - 31,9 ]",4269.0,,2024,28.2,31.9,Changement climatique
A souffert psychologiquement d'un évènement climatique extrême,Tous,Tous,Tous,Tous,Tous,Vous êtes à l’aise,19.3,"[ 17,8 - 20,8 ]",3992.0,,2024,17.8,20.8,Changement climatique
A souffert psychologiquement d'un évènement climatique extrême,Hommes,Tous,Tous,Tous,Tous,"C’est juste, il faut faire attention",18.7,"[ 17,2 - 20,1 ]",4314.0,,2024,17.2,20.1,Changement climatique
A souffert psychologiquement d'un évènement climatique extrême,Hommes,Tous,Tous,Tous,Tous,Vous y arrivez difficilement ou vous ne pouvez pas y arriver sans faire de dette,28.2,"[ 25,4 - 31,0 ]",1798.0,,2024,25.4,31.0,Changement climatique
A souffert psychologiquement d'un évènement climatique extrême,Hommes,Tous,Tous,Tous,Tous,Vous êtes à l’aise,16.0,"[ 14,0 - 18,1 ]",1937.0,,2024,14.0,18.1,Changement climatique
A souffert psychologiquement d'un évènement climatique extrême,Femmes,Tous,Tous,Tous,Tous,Vous êtes à l’aise,22.5,"[ 20,4 - 24,7 ]",2055.0,,2024,20.4,24.7,Changement climatique
A souffert psychologiquement d'un évènement climatique extrême,Tous,18-29 ans,Tous,Tous,Tous,Tous,19.0,"[ 17,7 - 20,4 ]",4943.0,,2024,17.7,20.4,Changement climatique
A souffert psychologiquement d'un évènement climatique extrême,Tous,50-59 ans,Tous,Tous,Tous,Tous,24.1,"[ 22,7 - 25,5 ]",5190.0,,2024,22.7,25.5,Changement climatique
A souffert psychologiquement d'un évènement climatique extrême,Tous,70-79 ans,Tous,Tous,Tous,Tous,23.3,"[ 21,5 - 25,1 ]",3146.0,,2024,21.5,25.1,Changement climatique
A souffert psychologiquement d'un évènement climatique extrême,Hommes,18-29 ans,Tous,Tous,Tous,Tous,15.6,"[ 13,8 - 17,5 ]",2270.0,,2024,13.8,17.5,Changement climatique
A souffert psychologiquement d'un évènement climatique extrême,Hommes,40-49 ans,Tous,Tous,Tous,Tous,19.0,"[ 17,0 - 21,0 ]",2325.0,,2024,17.0,21.0,Changement climatique
A souffert psychologiquement d'un évènement climatique extrême,Hommes,60-69 ans,Tous,Tous,Tous,Tous,19.9,"[ 17,8 - 22,2 ]",2127.0,,2024,17.8,22.2,Changement climatique
A souffert psychologiquement d'un évènement climatique extrême,Femmes,Tous,Tous,Tous,Tous,Tous,25.5,"[ 24,7 - 26,4 ]",15186.0,,2024,24.7,26.4,Changement climatique
A souffert psychologiquement d'un évènement climatique extrême,Femmes,40-49 ans,Tous,Tous,Tous,Tous,25.0,"[ 23,1 - 27,1 ]",2727.0,,2024,23.1,27.1,Changement climatique
A souffert psychologiquement d'un évènement climatique extrême,Femmes,70-79 ans,Tous,Tous,Tous,Tous,25.9,"[ 23,4 - 28,5 ]",1688.0,,2024,23.4,28.5,Changement climatique
A souffert psychologiquement d'un évènement climatique extrême,Hommes,Tous,Tous,Tous,Aucun diplôme ou inférieur au Bac,Tous,19.8,"[ 18,3 - 21,3 ]",4307.0,,2024,18.3,21.3,Changement climatique
A souffert psychologiquement d'un évènement climatique extrême,Hommes,Tous,Tous,Tous,Supérieur au Bac,Tous,19.6,"[ 18,3 - 20,9 ]",5270.0,,2024,18.3,20.9,Changement climatique
A souffert psychologiquement d'un évènement climatique extrême,Femmes,Tous,Tous,Tous,Bac,Tous,23.0,"[ 21,4 - 24,7 ]",3610.0,,2024,21.4,24.7,Changement climatique
A souffert psychologiquement d'un évènement climatique extrême,Hommes,Tous,Tous,"Agriculteurs, artisans, commerçants, chefs d’entreprise",Tous,Tous,18.2,"[ 15,6 - 21,0 ]",1255.0,,2024,15.6,21.0,Changement climatique
A souffert psychologiquement d'un évènement climatique extrême,Hommes,Tous,Tous,Employés,Tous,Tous,22.8,"[ 20,1 - 25,7 ]",1380.0,,2024,20.1,25.7,Changement climatique
A souffert psychologiquement d'un évènement climatique extrême,Femmes,Tous,Tous,"Agriculteurs, artisans, commerçants, chefs d’entreprise",Tous,Tous,28.8,"[ 24,8 - 32,9 ]",739.0,,2024,24.8,32.9,Changement climatique
A souffert psychologiquement d'un évènement climatique extrême,Tous,Tous,Tous,Tous,Tous,Ça va,20.0,"[ 19,1 - 21,0 ]",9973.0,,2024,19.1,21.0,Changement climatique
A souffert psychologiquement d'un évènement climatique extrême,Femmes,Tous,Tous,Tous,Tous,Vous y arrivez difficilement ou vous ne pouvez pas y arriver sans faire de dette,31.6,"[ 29,2 - 34,1 ]",2471.0,,2024,29.2,34.1,Changement climatique
Nombre d'évènements climatiques extrêmes : aucun,Tous,70-79 ans,Tous,Tous,Tous,Tous,23.4,"[ 21,8 - 25,1 ]",4085.0,,2024,21.8,25.1,Changement climatique
Nombre d'évènements climatiques extrêmes : aucun,Tous,30-39 ans,Tous,Tous,Tous,Tous,19.3,"[ 17,9 - 20,7 ]",5794.0,,2024,17.9,20.7,Changement climatique
Nombre d'évènements climatiques extrêmes : aucun,Tous,40-49 ans,Tous,Tous,Tous,Tous,20.0,"[ 18,7 - 21,3 ]",6234.0,,2024,18.7,21.3,Changement climatique
Nombre d'évènements climatiques extrêmes : aucun,Tous,50-59 ans,Tous,Tous,Tous,Tous,21.9,"[ 20,6 - 23,3 ]",6559.0,,2024,20.6,23.3,Changement climatique
Nombre d'évènements climatiques extrêmes : aucun,Tous,18-29 ans,Tous,Tous,Tous,Tous,20.1,"[ 18,8 - 21,5 ]",6152.0,,2024,18.8,21.5,Changement climatique
Nombre d'évènements climatiques extrêmes : aucun,Tous,60-69 ans,Tous,Tous,Tous,Tous,23.3,"[ 21,9 - 24,6 ]",6116.0,,2024,21.9,24.6,Changement climatique
Nombre d'évènements climatiques extrêmes : deux ou plus,Tous,30-39 ans,Tous,Tous,Tous,Tous,55.5,"[ 53,8 - 57,1 ]",5794.0,,2024,53.8,57.1,Changement climatique
Nombre d'évènements climatiques extrêmes : deux ou plus,Tous,18-29 ans,Tous,Tous,Tous,Tous,51.3,"[ 49,8 - 52,9 ]",6152.0,,2024,49.8,52.9,Changement climatique
Nombre d'évènements climatiques extrêmes : deux ou plus,Tous,40-49 ans,Tous,Tous,Tous,Tous,56.4,"[ 54,9 - 58,0 ]",6234.0,,2024,54.9,58.0,Changement climatique
Nombre d'évènements climatiques extrêmes : deux ou plus,Tous,70-79 ans,Tous,Tous,Tous,Tous,53.0,"[ 51,1 - 54,8 ]",4085.0,,2024,51.1,54.8,Changement climatique
Nombre d'évènements climatiques extrêmes : deux ou plus,Tous,50-59 ans,Tous,Tous,Tous,Tous,54.7,"[ 53,2 - 56,2 ]",6559.0,,2024,53.2,56.2,Changement climatique
Nombre d'évènements climatiques extrêmes : deux ou plus,Tous,60-69 ans,Tous,Tous,Tous,Tous,54.0,"[ 52,5 - 55,6 ]",6116.0,,2024,52.5,55.6,Changement climatique
Nombre d'évènements climatiques extrêmes : un,Tous,18-29 ans,Tous,Tous,Tous,Tous,28.6,"[ 27,1 - 30,0 ]",6152.0,,2024,27.1,30.0,Changement climatique
Nombre d'évènements climatiques extrêmes : un,Tous,40-49 ans,Tous,Tous,Tous,Tous,23.6,"[ 22,2 - 25,0 ]",6234.0,,2024,22.2,25.0,Changement climatique
Nombre d'évènements climatiques extrêmes : un,Tous,50-59 ans,Tous,Tous,Tous,Tous,23.4,"[ 22,1 - 24,7 ]",6559.0,,2024,22.1,24.7,Changement climatique
Nombre d'évènements climatiques extrêmes : un,Tous,70-79 ans,Tous,Tous,Tous,Tous,23.6,"[ 22,0 - 25,3 ]",4085.0,,2024,22.0,25.3,Changement climatique
Nombre d'évènements climatiques extrêmes : un,Tous,30-39 ans,Tous,Tous,Tous,Tous,25.3,"[ 23,9 - 26,7 ]",5794.0,,2024,23.9,26.7,Changement climatique
Nombre d'évènements climatiques extrêmes : un,Tous,60-69 ans,Tous,Tous,Tous,Tous,22.7,"[ 21,4 - 24,1 ]",6116.0,,2024,21.4,24.1,Changement climatique
Pense souffrir physiquement ou psychologiquement d'un évènement climatique extrême,Hommes,60-69 ans,Tous,Tous,Tous,Tous,72.4,"[ 70,0 - 74,6 ]",2062.0,,2024,70.0,74.6,Changement climatique
Pense souffrir physiquement ou psychologiquement d'un évènement climatique extrême,Hommes,18-29 ans,Tous,Tous,Tous,Tous,66.3,"[ 63,8 - 68,8 ]",2077.0,,2024,63.8,68.8,Changement climatique
Pense souffrir physiquement ou psychologiquement d'un évènement climatique extrême,Hommes,50-59 ans,Tous,Tous,Tous,Tous,70.0,"[ 67,7 - 72,3 ]",2290.0,,2024,67.7,72.3,Changement climatique
Pense souffrir physiquement ou psychologiquement d'un évènement climatique extrême,Hommes,70-79 ans,Tous,Tous,Tous,Tous,76.8,"[ 74,1 - 79,3 ]",1376.0,,2024,74.1,79.3,Changement climatique
Pense souffrir physiquement ou psychologiquement d'un évènement climatique extrême,Femmes,18-29 ans,Tous,Tous,Tous,Tous,67.2,"[ 65,0 - 69,5 ]",2544.0,,2024,65.0,69.5,Changement climatique
Pense souffrir physiquement ou psychologiquement d'un évènement climatique extrême,Femmes,30-39 ans,Tous,Tous,Tous,Tous,70.5,"[ 68,2 - 72,7 ]",2535.0,,2024,68.2,72.7,Changement climatique
Pense souffrir physiquement ou psychologiquement d'un évènement climatique extrême,Femmes,50-59 ans,Tous,Tous,Tous,Tous,76.4,"[ 74,4 - 78,3 ]",2703.0,,2024,74.4,78.3,Changement climatique
Pense souffrir physiquement ou psychologiquement d'un évènement climatique extrême,Femmes,60-69 ans,Tous,Tous,Tous,Tous,76.7,"[ 74,6 - 78,7 ]",2479.0,,2024,74.6,78.7,Changement climatique
Pense souffrir physiquement ou psychologiquement d'un évènement climatique extrême,Hommes,30-39 ans,Tous,Tous,Tous,Tous,66.3,"[ 63,7 - 68,8 ]",1902.0,,2024,63.7,68.8,Changement climatique
Pense souffrir physiquement ou psychologiquement d'un évènement climatique extrême,Hommes,40-49 ans,Tous,Tous,Tous,Tous,65.5,"[ 63,1 - 67,9 ]",2210.0,,2024,63.1,67.9,Changement climatique
Pense souffrir physiquement ou psychologiquement d'un évènement climatique extrême,Femmes,40-49 ans,Tous,Tous,Tous,Tous,71.1,"[ 68,9 - 73,2 ]",2589.0,,2024,68.9,73.2,Changement climatique
Pense souffrir physiquement ou psychologiquement d'un évènement climatique extrême,Femmes,70-79 ans,Tous,Tous,Tous,Tous,79.6,"[ 77,1 - 81,9 ]",1559.0,,2024,77.1,81.9,Changement climatique
