﻿Année,Moyen utilisé,Sexe,Nombre de séjours,Pourcentage
2024,Alcool,Femmes,2112.0,3.3
2024,Alcool,Hommes,2537.0,7.5
2024,Alcool,Hommes et Femmes,4649.0,4.8
2024,Armes à feu,Femmes,27.0,0.0
2024,Armes à feu,Hommes,355.0,1.1
2024,Armes à feu,Hommes et Femmes,382.0,0.4
2024,Auto-intoxication médicamenteuse volontaire (IMV),Femmes,51341.0,80.8
2024,Auto-intoxication médicamenteuse volontaire (IMV),Hommes,23815.5,70.6
2024,Auto-intoxication médicamenteuse volontaire (IMV),Hommes et Femmes,75156.5,77.2
2024,Autres - non précisés,Femmes,1738.0,2.7
2024,Autres - non précisés,Hommes,1182.0,3.5
2024,Autres - non précisés,Hommes et Femmes,2920.0,3.0
2024,Autres auto-intoxications,Femmes,1676.0,2.6
2024,Autres auto-intoxications,Hommes,1295.0,3.8
2024,Autres auto-intoxications,Hommes et Femmes,2971.0,3.1
2024,Collision intentionnelle,Femmes,116.0,0.2
2024,Collision intentionnelle,Hommes,162.0,0.5
2024,Collision intentionnelle,Hommes et Femmes,278.0,0.3
2024,Exposition aux fumées ou aux flammes,Femmes,144.0,0.2
2024,Exposition aux fumées ou aux flammes,Hommes,163.0,0.5
2024,Exposition aux fumées ou aux flammes,Hommes et Femmes,307.0,0.3
2024,Noyade,Femmes,136.5,0.2
2024,Noyade,Hommes,105.0,0.3
2024,Noyade,Hommes et Femmes,241.5,0.2
2024,Objet contondant,Femmes,178.0,0.3
2024,Objet contondant,Hommes,89.0,0.3
2024,Objet contondant,Hommes et Femmes,267.0,0.3
2024,Objet tranchant,Femmes,9153.0,14.4
2024,Objet tranchant,Hommes,3790.0,11.2
2024,Objet tranchant,Hommes et Femmes,12943.0,13.3
2024,Pendaison,Femmes,1361.0,2.1
2024,Pendaison,Hommes,1924.0,5.7
2024,Pendaison,Hommes et Femmes,3285.0,3.4
2024,Saut dans le vide,Femmes,739.0,1.2
2024,Saut dans le vide,Hommes,795.0,2.4
2024,Saut dans le vide,Hommes et Femmes,1534.0,1.6
2024,Total,Femmes,63548.5,
2024,Total,Hommes,33753.0,
2024,Total,Hommes et Femmes,97304.5,
2023,Alcool,Femmes,2193.0,3.7
2023,Alcool,Hommes,2513.0,7.8
2023,Alcool,Hommes et Femmes,4706.0,5.2
2023,Armes à feu,Femmes,36.0,0.1
2023,Armes à feu,Hommes,345.0,1.1
2023,Armes à feu,Hommes et Femmes,381.0,0.4
2023,Auto-intoxication médicamenteuse volontaire (IMV),Femmes,47376.0,80.1
2023,Auto-intoxication médicamenteuse volontaire (IMV),Hommes,22723.5,71.0
2023,Auto-intoxication médicamenteuse volontaire (IMV),Hommes et Femmes,70099.5,76.9
2023,Autres - non précisés,Femmes,1998.0,3.4
2023,Autres - non précisés,Hommes,1261.0,3.9
2023,Autres - non précisés,Hommes et Femmes,3259.0,3.6
2023,Autres auto-intoxications,Femmes,1597.0,2.7
2023,Autres auto-intoxications,Hommes,1295.0,4.0
2023,Autres auto-intoxications,Hommes et Femmes,2892.0,3.2
2023,Collision intentionnelle,Femmes,84.0,0.1
2023,Collision intentionnelle,Hommes,152.0,0.5
2023,Collision intentionnelle,Hommes et Femmes,236.0,0.3
2023,Exposition aux fumées ou aux flammes,Femmes,159.0,0.3
2023,Exposition aux fumées ou aux flammes,Hommes,170.0,0.5
2023,Exposition aux fumées ou aux flammes,Hommes et Femmes,329.0,0.4
2023,Noyade,Femmes,131.5,0.2
2023,Noyade,Hommes,101.0,0.3
2023,Noyade,Hommes et Femmes,232.5,0.3
2023,Objet contondant,Femmes,112.0,0.2
2023,Objet contondant,Hommes,70.0,0.2
2023,Objet contondant,Hommes et Femmes,182.0,0.2
2023,Objet tranchant,Femmes,8431.0,14.3
2023,Objet tranchant,Hommes,3354.0,10.5
2023,Objet tranchant,Hommes et Femmes,11785.0,12.9
2023,Pendaison,Femmes,1218.0,2.1
2023,Pendaison,Hommes,1830.0,5.7
2023,Pendaison,Hommes et Femmes,3048.0,3.3
2023,Saut dans le vide,Femmes,726.0,1.2
2023,Saut dans le vide,Hommes,669.0,2.1
2023,Saut dans le vide,Hommes et Femmes,1395.0,1.5
2023,Total,Femmes,59148.5,
2023,Total,Hommes,32014.0,
2023,Total,Hommes et Femmes,91162.5,
2022,Alcool,Femmes,2152.0,3.8
2022,Alcool,Hommes,2563.0,8.2
2022,Alcool,Hommes et Femmes,4715.0,5.3
2022,Armes à feu,Femmes,34.0,0.1
2022,Armes à feu,Hommes,394.0,1.3
2022,Armes à feu,Hommes et Femmes,428.0,0.5
2022,Auto-intoxication médicamenteuse volontaire (IMV),Femmes,46276.0,81.4
2022,Auto-intoxication médicamenteuse volontaire (IMV),Hommes,22062.5,70.3
2022,Auto-intoxication médicamenteuse volontaire (IMV),Hommes et Femmes,68338.5,77.5
2022,Autres - non précisés,Femmes,1940.0,3.4
2022,Autres - non précisés,Hommes,1241.0,4.0
2022,Autres - non précisés,Hommes et Femmes,3181.0,3.6
2022,Autres auto-intoxications,Femmes,1447.0,2.5
2022,Autres auto-intoxications,Hommes,1224.0,3.9
2022,Autres auto-intoxications,Hommes et Femmes,2671.0,3.0
2022,Collision intentionnelle,Femmes,108.0,0.2
2022,Collision intentionnelle,Hommes,146.0,0.5
2022,Collision intentionnelle,Hommes et Femmes,254.0,0.3
2022,Exposition aux fumées ou aux flammes,Femmes,119.0,0.2
2022,Exposition aux fumées ou aux flammes,Hommes,151.0,0.5
2022,Exposition aux fumées ou aux flammes,Hommes et Femmes,270.0,0.3
2022,Noyade,Femmes,121.0,0.2
2022,Noyade,Hommes,103.0,0.3
2022,Noyade,Hommes et Femmes,224.0,0.3
2022,Objet contondant,Femmes,119.0,0.2
2022,Objet contondant,Hommes,83.0,0.3
2022,Objet contondant,Hommes et Femmes,202.0,0.2
2022,Objet tranchant,Femmes,7161.5,12.6
2022,Objet tranchant,Hommes,3221.0,10.3
2022,Objet tranchant,Hommes et Femmes,10382.5,11.8
2022,Pendaison,Femmes,1120.0,2.0
2022,Pendaison,Hommes,1874.0,6.0
2022,Pendaison,Hommes et Femmes,2994.0,3.4
2022,Saut dans le vide,Femmes,806.0,1.4
2022,Saut dans le vide,Hommes,727.0,2.3
2022,Saut dans le vide,Hommes et Femmes,1533.0,1.7
2022,Total,Femmes,56819.5,
2022,Total,Hommes,31368.0,
2022,Total,Hommes et Femmes,88193.0,
2021,Alcool,Femmes,2147.0,3.9
2021,Alcool,Hommes,2668.0,8.4
2021,Alcool,Hommes et Femmes,4815.0,5.6
2021,Armes à feu,Femmes,38.0,0.1
2021,Armes à feu,Hommes,392.0,1.2
2021,Armes à feu,Hommes et Femmes,430.0,0.5
2021,Auto-intoxication médicamenteuse volontaire (IMV),Femmes,43765.0,80.0
2021,Auto-intoxication médicamenteuse volontaire (IMV),Hommes,22127.5,69.6
2021,Auto-intoxication médicamenteuse volontaire (IMV),Hommes et Femmes,65892.5,76.2
2021,Autres - non précisés,Femmes,2050.0,3.7
2021,Autres - non précisés,Hommes,1409.0,4.4
2021,Autres - non précisés,Hommes et Femmes,3459.0,4.0
2021,Autres auto-intoxications,Femmes,1371.0,2.5
2021,Autres auto-intoxications,Hommes,1217.0,3.8
2021,Autres auto-intoxications,Hommes et Femmes,2588.0,3.0
2021,Collision intentionnelle,Femmes,89.0,0.2
2021,Collision intentionnelle,Hommes,131.0,0.4
2021,Collision intentionnelle,Hommes et Femmes,220.0,0.3
2021,Exposition aux fumées ou aux flammes,Femmes,117.0,0.2
2021,Exposition aux fumées ou aux flammes,Hommes,149.0,0.5
2021,Exposition aux fumées ou aux flammes,Hommes et Femmes,266.0,0.3
2021,Noyade,Femmes,155.0,0.3
2021,Noyade,Hommes,123.0,0.4
2021,Noyade,Hommes et Femmes,278.0,0.3
2021,Objet contondant,Femmes,127.5,0.2
2021,Objet contondant,Hommes,97.0,0.3
2021,Objet contondant,Hommes et Femmes,224.5,0.3
2021,Objet tranchant,Femmes,7332.0,13.4
2021,Objet tranchant,Hommes,3418.0,10.8
2021,Objet tranchant,Hommes et Femmes,10750.0,12.4
2021,Pendaison,Femmes,975.0,1.8
2021,Pendaison,Hommes,1773.0,5.6
2021,Pendaison,Hommes et Femmes,2748.0,3.2
2021,Saut dans le vide,Femmes,813.0,1.5
2021,Saut dans le vide,Hommes,770.0,2.4
2021,Saut dans le vide,Hommes et Femmes,1583.0,1.8
2021,Total,Femmes,54735.0,
2021,Total,Hommes,31772.5,
2021,Total,Hommes et Femmes,86507.5,
2020,Alcool,Femmes,2125.0,4.5
2020,Alcool,Hommes,2845.0,9.0
2020,Alcool,Hommes et Femmes,4970.0,6.3
2020,Armes à feu,Femmes,34.0,0.1
2020,Armes à feu,Hommes,420.0,1.3
2020,Armes à feu,Hommes et Femmes,454.0,0.6
2020,Auto-intoxication médicamenteuse volontaire (IMV),Femmes,38738.0,81.4
2020,Auto-intoxication médicamenteuse volontaire (IMV),Hommes,22068.5,70.0
2020,Auto-intoxication médicamenteuse volontaire (IMV),Hommes et Femmes,60806.5,76.9
2020,Autres - non précisés,Femmes,1600.0,3.4
2020,Autres - non précisés,Hommes,1403.0,4.5
2020,Autres - non précisés,Hommes et Femmes,3003.0,3.8
2020,Autres auto-intoxications,Femmes,1233.0,2.6
2020,Autres auto-intoxications,Hommes,1127.0,3.6
2020,Autres auto-intoxications,Hommes et Femmes,2360.0,3.0
2020,Collision intentionnelle,Femmes,70.0,0.1
2020,Collision intentionnelle,Hommes,135.0,0.4
2020,Collision intentionnelle,Hommes et Femmes,205.0,0.3
2020,Exposition aux fumées ou aux flammes,Femmes,82.0,0.2
2020,Exposition aux fumées ou aux flammes,Hommes,130.5,0.4
2020,Exposition aux fumées ou aux flammes,Hommes et Femmes,212.5,0.3
2020,Noyade,Femmes,120.5,0.3
2020,Noyade,Hommes,91.0,0.3
2020,Noyade,Hommes et Femmes,211.5,0.3
2020,Objet contondant,Femmes,135.0,0.3
2020,Objet contondant,Hommes,84.0,0.3
2020,Objet contondant,Hommes et Femmes,219.0,0.3
2020,Objet tranchant,Femmes,5289.0,11.1
2020,Objet tranchant,Hommes,3072.0,9.7
2020,Objet tranchant,Hommes et Femmes,8361.0,10.6
2020,Pendaison,Femmes,870.0,1.8
2020,Pendaison,Hommes,1842.0,5.8
2020,Pendaison,Hommes et Femmes,2712.0,3.4
2020,Saut dans le vide,Femmes,753.0,1.6
2020,Saut dans le vide,Hommes,711.0,2.3
2020,Saut dans le vide,Hommes et Femmes,1464.0,1.9
2020,Total,Femmes,47588.0,
2020,Total,Hommes,31508.5,
2020,Total,Hommes et Femmes,79099.0,
2019,Alcool,Femmes,2197.0,4.1
2019,Alcool,Hommes,3036.0,8.9
2019,Alcool,Hommes et Femmes,5233.0,6.0
2019,Armes à feu,Femmes,52.0,0.1
2019,Armes à feu,Hommes,384.0,1.1
2019,Armes à feu,Hommes et Femmes,436.0,0.5
2019,Auto-intoxication médicamenteuse volontaire (IMV),Femmes,43495.0,82.0
2019,Auto-intoxication médicamenteuse volontaire (IMV),Hommes,24025.5,70.1
2019,Auto-intoxication médicamenteuse volontaire (IMV),Hommes et Femmes,67520.5,77.4
2019,Autres - non précisés,Femmes,2095.0,4.0
2019,Autres - non précisés,Hommes,1808.0,5.3
2019,Autres - non précisés,Hommes et Femmes,3903.0,4.5
2019,Autres auto-intoxications,Femmes,1279.5,2.4
2019,Autres auto-intoxications,Hommes,1229.0,3.6
2019,Autres auto-intoxications,Hommes et Femmes,2508.5,2.9
2019,Collision intentionnelle,Femmes,91.0,0.2
2019,Collision intentionnelle,Hommes,164.0,0.5
2019,Collision intentionnelle,Hommes et Femmes,255.0,0.3
2019,Exposition aux fumées ou aux flammes,Femmes,149.0,0.3
2019,Exposition aux fumées ou aux flammes,Hommes,153.0,0.4
2019,Exposition aux fumées ou aux flammes,Hommes et Femmes,302.0,0.3
2019,Noyade,Femmes,124.0,0.2
2019,Noyade,Hommes,104.0,0.3
2019,Noyade,Hommes et Femmes,228.0,0.3
2019,Objet contondant,Femmes,158.0,0.3
2019,Objet contondant,Hommes,105.0,0.3
2019,Objet contondant,Hommes et Femmes,263.0,0.3
2019,Objet tranchant,Femmes,5467.0,10.3
2019,Objet tranchant,Hommes,3243.0,9.5
2019,Objet tranchant,Hommes et Femmes,8710.0,10.0
2019,Pendaison,Femmes,828.0,1.6
2019,Pendaison,Hommes,1875.0,5.5
2019,Pendaison,Hommes et Femmes,2703.0,3.1
2019,Saut dans le vide,Femmes,670.0,1.3
2019,Saut dans le vide,Hommes,716.0,2.1
2019,Saut dans le vide,Hommes et Femmes,1386.0,1.6
2019,Total,Femmes,53022.0,
2019,Total,Hommes,34265.0,
2019,Total,Hommes et Femmes,87287.0,
