Année,Moyen utilisé,Sexe,Nombre de décès,Pourcentage
2019,Alcool,Hommes,2.5,0.0
2019,Pendaison,Hommes,4003.5,60.2
2019,Noyade,Hommes,122.0,1.8
2019,Armes à feu,Hommes,990.0,14.9
2019,Saut dans le vide,Hommes,301.0,4.5
2019,Auto-intoxication médicamenteuse volontaire (IMV),Femmes,516.0,23.8
2019,Alcool,Femmes,2.5,0.1
2019,Autres auto-intoxications,Femmes,39.0,1.8
2019,Objet contondant,Femmes,0.0,0.0
2019,Exposition aux fumées ou aux flammes,Femmes,18.0,0.8
2019,Collision intentionnelle,Femmes,52.0,2.4
2019,Total,Femmes,2165.0,
2019,Auto-intoxication médicamenteuse volontaire (IMV),Hommes et Femmes,955.0,10.8
2019,Armes à feu,Hommes et Femmes,1028.0,11.7
2019,Exposition aux fumées ou aux flammes,Hommes et Femmes,59.0,0.7
2019,Collision intentionnelle,Hommes et Femmes,164.0,1.9
2020,Autres auto-intoxications,Hommes,104.0,1.5
2020,Noyade,Hommes,158.0,2.4
2020,Autres - non précisés,Hommes,646.0,9.6
2020,Alcool,Femmes,5.0,0.2
2020,Autres auto-intoxications,Femmes,34.0,1.5
2020,Pendaison,Femmes,837.0,37.3
2020,Saut dans le vide,Femmes,214.0,9.5
2020,Collision intentionnelle,Femmes,41.0,1.8
2020,Alcool,Hommes et Femmes,15.0,0.2
2020,Exposition aux fumées ou aux flammes,Hommes et Femmes,64.0,0.7
2020,Collision intentionnelle,Hommes et Femmes,146.0,1.6
2021,Auto-intoxication médicamenteuse volontaire (IMV),Hommes,425.0,6.3
2021,Alcool,Hommes,11.0,0.2
2021,Alcool,Femmes,2.5,0.1
2021,Autres auto-intoxications,Femmes,45.0,2.1
2021,Objet contondant,Femmes,0.0,0.0
2021,Noyade,Femmes,143.0,6.5
2021,Armes à feu,Femmes,38.0,1.7
2021,Exposition aux fumées ou aux flammes,Femmes,19.0,0.9
2021,Saut dans le vide,Femmes,219.0,10.0
2021,Autres - non précisés,Hommes et Femmes,893.0,10.0
2022,Auto-intoxication médicamenteuse volontaire (IMV),Hommes,471.0,6.8
2022,Exposition aux fumées ou aux flammes,Hommes,25.0,0.4
2022,Saut dans le vide,Hommes,310.0,4.5
2022,Autres - non précisés,Hommes,636.0,9.2
2022,Alcool,Femmes,2.5,0.1
2022,Autres auto-intoxications,Femmes,44.0,1.9
2022,Objet tranchant,Femmes,18.0,0.8
2022,Objet contondant,Femmes,0.0,0.0
2022,Noyade,Femmes,140.0,6.2
2022,Total,Femmes,2272.5,
2022,Armes à feu,Hommes et Femmes,1194.0,13.0
2022,Exposition aux fumées ou aux flammes,Hommes et Femmes,47.0,0.5
2023,Objet tranchant,Hommes,96.0,1.4
2023,Pendaison,Hommes,3688.0,55.4
2023,Armes à feu,Hommes,1025.0,15.4
2023,Exposition aux fumées ou aux flammes,Hommes,40.0,0.6
2023,Collision intentionnelle,Hommes,97.0,1.5
2023,Auto-intoxication médicamenteuse volontaire (IMV),Femmes,582.0,26.6
2023,Autres auto-intoxications,Femmes,57.0,2.6
2023,Objet contondant,Femmes,0.0,0.0
2023,Pendaison,Femmes,812.0,37.0
2023,Armes à feu,Femmes,35.0,1.6
2023,Exposition aux fumées ou aux flammes,Femmes,15.0,0.7
2023,Total,Femmes,2192.0,
2023,Objet tranchant,Hommes et Femmes,117.0,1.3
2023,Pendaison,Hommes et Femmes,4500.0,50.9
2023,Saut dans le vide,Hommes et Femmes,477.0,5.4
2019,Auto-intoxication médicamenteuse volontaire (IMV),Hommes,439.0,6.6
2019,Objet tranchant,Hommes,67.0,1.0
2019,Objet contondant,Hommes,0.0,0.0
2019,Collision intentionnelle,Hommes,112.0,1.7
2019,Total,Hommes,6655.5,
2019,Armes à feu,Femmes,38.0,1.8
2019,Autres - non précisés,Femmes,245.0,11.3
2019,Objet tranchant,Hommes et Femmes,90.0,1.0
2019,Noyade,Hommes et Femmes,282.0,3.2
2019,Autres - non précisés,Hommes et Femmes,767.0,8.7
2019,Total,Hommes et Femmes,8820.5,
2020,Alcool,Hommes,10.0,0.1
2020,Objet tranchant,Hommes,89.0,1.3
2020,Pendaison,Hommes,3728.0,55.5
2020,Total,Hommes,6721.0,
2020,Objet tranchant,Femmes,24.0,1.1
2020,Objet contondant,Femmes,0.0,0.0
2020,Noyade,Femmes,161.5,7.2
2020,Autres - non précisés,Femmes,302.0,13.5
2020,Total,Femmes,2241.5,
2020,Auto-intoxication médicamenteuse volontaire (IMV),Hommes et Femmes,1043.0,11.6
2020,Pendaison,Hommes et Femmes,4565.0,50.9
2020,Noyade,Hommes et Femmes,319.5,3.6
2020,Autres - non précisés,Hommes et Femmes,948.0,10.6
2020,Total,Hommes et Femmes,8962.5,
2021,Noyade,Hommes,128.0,1.9
2021,Exposition aux fumées ou aux flammes,Hommes,42.0,0.6
2021,Saut dans le vide,Hommes,313.0,4.6
2021,Autres - non précisés,Hommes,591.0,8.8
2021,Total,Hommes,6743.5,
2021,Objet tranchant,Femmes,20.0,0.9
2021,Auto-intoxication médicamenteuse volontaire (IMV),Hommes et Femmes,969.0,10.8
2021,Alcool,Hommes et Femmes,13.5,0.2
2021,Pendaison,Hommes et Femmes,4604.0,51.5
2021,Noyade,Hommes et Femmes,271.0,3.0
2021,Armes à feu,Hommes et Femmes,1190.0,13.3
2021,Exposition aux fumées ou aux flammes,Hommes et Femmes,61.0,0.7
2021,Total,Hommes et Femmes,8935.5,
2022,Autres auto-intoxications,Hommes,100.0,1.4
2022,Noyade,Hommes,139.0,2.0
2022,Armes à feu,Hommes,1149.0,16.6
2022,Auto-intoxication médicamenteuse volontaire (IMV),Femmes,566.0,24.9
2022,Armes à feu,Femmes,45.0,2.0
2022,Collision intentionnelle,Femmes,38.0,1.7
2022,Autres - non précisés,Femmes,277.0,12.2
2022,Alcool,Hommes et Femmes,7.0,0.1
2022,Objet tranchant,Hommes et Femmes,89.0,1.0
2022,Objet contondant,Hommes et Femmes,0.0,0.0
2022,Saut dans le vide,Hommes et Femmes,529.0,5.8
2022,Collision intentionnelle,Hommes et Femmes,147.0,1.6
2022,Autres - non précisés,Hommes et Femmes,913.0,9.9
2022,Total,Hommes et Femmes,9189.5,
2023,Noyade,Hommes,139.0,2.1
2023,Saut dans le vide,Hommes,286.0,4.3
2023,Autres - non précisés,Hommes,725.0,10.9
2023,Total,Hommes,6656.5,
2023,Collision intentionnelle,Femmes,34.0,1.6
2023,Alcool,Hommes et Femmes,7.5,0.1
2023,Objet contondant,Hommes et Femmes,0.0,0.0
2023,Exposition aux fumées ou aux flammes,Hommes et Femmes,55.0,0.6
2023,Autres - non précisés,Hommes et Femmes,1038.0,11.7
2019,Autres auto-intoxications,Hommes,55.0,0.8
2019,Exposition aux fumées ou aux flammes,Hommes,41.0,0.6
2019,Autres - non précisés,Hommes,522.0,7.8
2019,Objet tranchant,Femmes,23.0,1.1
2019,Pendaison,Femmes,871.0,40.2
2019,Noyade,Femmes,160.0,7.4
2019,Saut dans le vide,Femmes,200.0,9.2
2019,Alcool,Hommes et Femmes,5.0,0.1
2019,Autres auto-intoxications,Hommes et Femmes,94.0,1.1
2019,Objet contondant,Hommes et Femmes,0.0,0.0
2019,Pendaison,Hommes et Femmes,4874.5,55.3
2019,Saut dans le vide,Hommes et Femmes,501.0,5.7
2020,Auto-intoxication médicamenteuse volontaire (IMV),Hommes,471.0,7.0
2020,Objet contondant,Hommes,0.0,0.0
2020,Armes à feu,Hommes,1027.0,15.3
2020,Exposition aux fumées ou aux flammes,Hommes,46.0,0.7
2020,Saut dans le vide,Hommes,337.0,5.0
2020,Collision intentionnelle,Hommes,105.0,1.6
2020,Auto-intoxication médicamenteuse volontaire (IMV),Femmes,572.0,25.5
2020,Armes à feu,Femmes,33.0,1.5
2020,Exposition aux fumées ou aux flammes,Femmes,18.0,0.8
2020,Autres auto-intoxications,Hommes et Femmes,138.0,1.5
2020,Objet tranchant,Hommes et Femmes,113.0,1.3
2020,Objet contondant,Hommes et Femmes,0.0,0.0
2020,Armes à feu,Hommes et Femmes,1060.0,11.8
2020,Saut dans le vide,Hommes et Femmes,551.0,6.1
2021,Autres auto-intoxications,Hommes,94.0,1.4
2021,Objet tranchant,Hommes,92.0,1.4
2021,Objet contondant,Hommes,0.0,0.0
2021,Pendaison,Hommes,3792.0,56.2
2021,Armes à feu,Hommes,1152.0,17.1
2021,Collision intentionnelle,Hommes,103.0,1.5
2021,Auto-intoxication médicamenteuse volontaire (IMV),Femmes,544.0,24.8
2021,Pendaison,Femmes,812.0,37.0
2021,Collision intentionnelle,Femmes,47.0,2.1
2021,Autres - non précisés,Femmes,302.0,13.8
2021,Total,Femmes,2192.0,
2021,Autres auto-intoxications,Hommes et Femmes,139.0,1.6
2021,Objet tranchant,Hommes et Femmes,112.0,1.3
2021,Objet contondant,Hommes et Femmes,0.0,0.0
2021,Saut dans le vide,Hommes et Femmes,532.0,6.0
2021,Collision intentionnelle,Hommes et Femmes,150.0,1.7
2022,Alcool,Hommes,2.5,0.0
2022,Objet tranchant,Hommes,71.0,1.0
2022,Objet contondant,Hommes,0.0,0.0
2022,Pendaison,Hommes,3904.0,56.4
2022,Collision intentionnelle,Hommes,109.0,1.6
2022,Total,Hommes,6917.0,
2022,Pendaison,Femmes,898.5,39.5
2022,Exposition aux fumées ou aux flammes,Femmes,22.0,1.0
2022,Saut dans le vide,Femmes,219.0,9.6
2022,Auto-intoxication médicamenteuse volontaire (IMV),Hommes et Femmes,1037.0,11.3
2022,Autres auto-intoxications,Hommes et Femmes,144.0,1.6
2022,Pendaison,Hommes et Femmes,4802.5,52.3
2022,Noyade,Hommes et Femmes,279.0,3.0
2023,Auto-intoxication médicamenteuse volontaire (IMV),Hommes,439.0,6.6
2023,Alcool,Hommes,5.0,0.1
2023,Autres auto-intoxications,Hommes,116.0,1.7
2023,Objet contondant,Hommes,0.0,0.0
2023,Alcool,Femmes,2.5,0.1
2023,Objet tranchant,Femmes,21.0,1.0
2023,Noyade,Femmes,128.0,5.8
2023,Saut dans le vide,Femmes,191.0,8.7
2023,Autres - non précisés,Femmes,313.0,14.3
2023,Auto-intoxication médicamenteuse volontaire (IMV),Hommes et Femmes,1021.0,11.5
2023,Autres auto-intoxications,Hommes et Femmes,173.0,2.0
2023,Noyade,Hommes et Femmes,267.0,3.0
2023,Armes à feu,Hommes et Femmes,1060.0,12.0
2023,Collision intentionnelle,Hommes et Femmes,131.0,1.5
2023,Total,Hommes et Femmes,8848.5,
